No,SKU
1,#GSC-0001-Blue
2,#GSC-0002-Black
3,#GSC-0003
4,#GSC-0004-Black
5,#GSC-0005-Black
6,#GSC-0006-Green
7,#GSC-0007-Black-.
8,#GSC-0008-red
9,#GSC-0009-Black
10,#GSC-0010-Black
11,#GSC-0011
12,#GSC-0012
13,#GSC-0013-Multi-Color-50x23x32 inches
14,#GSC-0014
15,#GSC-0015-Red
16,#GSC-0016-Black
17,#GSC-0017-Green/Black
18,#GSC-0018
19,#GSC-0019
20,#GSC-0020-yellow
21,#GSC-0021-Black
22,#GSC-0022-Black
23,#GSC-0023-black
24,#GSC-0024-Black
25,#GSC-0025-COLOR SHIPPED VARIES BASED ON ACAILABILITY ONLY
26,#GSC-0026-Green
27,#GSC-0027
28,#GSC-0028
29,#GSC-0029-Red
30,#GSC-0030
31,#GSC-0031-Black
32,#GSC-0032
33,#GSC-0033
34,#GSC-0034
35,#GSC-0035-Green-.
36,#GSC-0036-Black
37,#GSC-0037-Black/Red
38,#GSC-0038-Green
39,#GSC-0039-Black
40,#GSC-0040-Green
41,#GSC-0041-Green-50x23x32 inches
42,#GSC-0042-White/Black
43,#GSC-0043
44,#GSC-0044-Red
45,#GSC-0045-COLOR SHIPPED VARIES BASED ON ACAILABILITY ONLY
46,#GSC-0046-Color Varies Based On Availability
47,#GSC-0047
48,#GSC-0048-Black
49,#GSC-0049-Green
50,#GSC-0050-ScooterX Dirt Dog 49cc-Red
51,#GSC-0051
52,#GSC-0052-Silver
53,#GSC-0053
54,"#GSC-0054-Blue, Black, Green and Red"
55,#GSC-0055-Black
56,#GSC-0056-Black
57,#GSC-0057-Silver
58,#GSC-0058
59,#GSC-0059-blue
60,#GSC-0060-Silver
61,#GSC-0061-Blue
62,#GSC-0062-Green
63,#GSC-0063-Green
64,#GSC-0064
65,#GSC-0065
66,#GSC-0066
67,#GSC-0067
68,#GSC-0068-Black
69,#GSC-0069-Black
70,#GSC-0070-COLOR SHIPPED VARIES BASED ON AVAILABILITY
71,#GSC-0071-Black
72,#GSC-0072
73,#GSC-0073-Black
74,#GSC-0074-Black
75,#GSC-0075-Blue White
76,#GSC-0076
77,#GSC-0077
78,#GSC-0078-Black
79,#GSC-0079-Thunder Yellow
80,#GSC-0080-Blue/Black
81,#GSC-0081-Black
82,#GSC-0082-blue
83,#GSC-0083-Red
84,#GSC-0084
85,#GSC-0085-49cc Gas Mini Chopper - V2 Black
86,#GSC-0086
87,#GSC-0087-Green
88,#GSC-0088
89,#GSC-0089
90,#GSC-0090-Black
91,#GSC-0091
92,#GSC-0092
93,#GSC-0093-Black
94,#GSC-0094-Pink
95,#GSC-0095-Black
96,#GSC-0096-Black
97,#GSC-0097-Green-.
98,#GSC-0098-Red/Black
99,#GSC-0099
100,"#GSC-0100-Blue, Black, Green and Red"
101,#GSC-0101-Black
102,#GSC-0102
103,#GSC-0103-Black
104,#GSC-0104-Orange
105,#GSC-0105
106,#GSC-0106-Black
107,#GSC-0107-Multi Colors
108,#GSC-0108-Black
109,#GSC-0109-black
110,#GSC-0110-blue
111,#GSC-0111-yellow
112,#GSC-0112
113,#GSC-0113
114,#GSC-0114-Blue
115,#GSC-0115
116,#GSC-0116-Blue Camo
117,#GSC-0117-COLOR SHIPPED VARIES ON AVAILABILITY ONLY
118,#GSC-0118
119,#GSC-0119-Orange/Black
120,#GSC-0120
121,"#GSC-0121-Blue, Black"
122,#GSC-0122-Black
123,#GSC-0123-COLOR SHIPPED VARIES BASED ON AVAILABILITY
124,"#GSC-0124-L: 120cm/47.24"", W: 75cm/29.55"""
125,#GSC-0125-Green
126,#GSC-0126
127,#GSC-0127-Green-.
128,#GSC-0128
129,#GSC-0129
130,#GSC-0130-Pink
131,#GSC-0131
132,#GSC-0132-GREENGREY
133,#GSC-0133
134,#GSC-0134
135,#GSC-0135-Blue
136,#GSC-0136-Red/Black
137,#GSC-0137-Black
138,#GSC-0138-Red
139,#GSC-0139
140,#GSC-0140-Green
141,#GSC-0141-Color Shipped Varies Based Upon Availability Only
142,#GSC-0142
143,#GSC-0143
144,"#GSC-0144-Black-L: 105cm/41.34"", W: 60cm/23.62"", H: 35cm/13.78"""
145,#GSC-0145-Blue
146,#GSC-0146-Red
147,#GSC-0147-Black
148,#GSC-0148-Black
149,#GSC-0149-Black
150,#GSC-0150
151,#GSC-0151-Black
152,#GSC-0152-Black
153,#GSC-0153
154,"#GSC-0154-L: 120cm/47.24"", W: 75cm/29.55"""
155,#GSC-0155-Green
156,#GSC-0156-Black
157,#GSC-0157-Black
158,#GSC-0158-Big Supermoto-50cc 2-Stroke Gas Dirt Bike-Green
159,#GSC-0159-Red
160,#GSC-0160-Orange
161,#GSC-0161
162,#GSC-0162
163,#GSC-0163
164,#GSC-0164-Black
165,#GSC-0165
166,#GSC-0166-Red
167,#GSC-0167
168,#GSC-0168-Black
169,#GSC-0169-red
170,#GSC-0170
171,"#GSC-0171-L: 120cm/47.24"", W: 70cm/27.56"", H: 35cm/13.78"""
172,#GSC-0172-Red/Type B
173,#GSC-0173
174,#GSC-0174
175,#GSC-0175
176,#GSC-0176-Black
177,#GSC-0177
178,#GSC-0178-Silver
179,#GSC-0179-Red
180,#GSC-0180-COLOR SHIPPED VARIES BASED ON AVAILABILITY
181,#GSC-0181-Silver
182,#GSC-0182-Black
183,#GSC-0183-Blue
184,#GSC-0184-Black
185,#GSC-0185-Black
186,#GSC-0186-Red-.
187,#GSC-0187-Green
188,#GSC-0188-Green
189,#GSC-0189
190,#GSC-0190
191,#GSC-0191-Green
192,#GSC-0192
193,#GSC-0193-Black
194,#GSC-0194-Red
195,#GSC-0195
196,#GSC-0196
197,#GSC-0197-Red
198,#GSC-0198
199,#GSC-0199-Black
200,#GSC-0200
201,#GSC-0201
202,#GSC-0202
203,#GSC-0203-Red
204,#GSC-0204-Green
205,#GSC-0205-Red
206,#GSC-0206-Blue
207,#GSC-0207
208,#GSC-0208-Black
209,#GSC-0209
210,#GSC-0210-Pink
211,#GSC-0211
212,#GSC-0212-Black
213,#GSC-0213-COLOR SHIPPED VARIES BASED ON AVAILABILITY
214,#GSC-0214-Black
215,#GSC-0215-Blue
216,#GSC-0216-Yellow
217,#GSC-0217-black
218,#GSC-0218-Pink
219,#GSC-0219-Red
220,#GSC-0220
221,#GSC-0221
222,#GSC-0222-color shipped varies based on availability only
223,#GSC-0223-Black
224,#GSC-0224-Silver
225,#GSC-0225-BIKE COLOR SHIPPED VARIES BASED UPON AVAIL. ONLY
226,#GSC-0226
227,#GSC-0227-Black
228,#GSC-0228-Multi-Color
229,#GSC-0229
230,#GSC-0230-Red
231,#GSC-0231-Red
232,#GSC-0232
233,#GSC-0233-Red
234,#GSC-0234
235,#GSC-0235-Black
236,#GSC-0236
237,#GSC-0237-Red
238,#GSC-0238-Black
239,#GSC-0239
240,#GSC-0240-Pink
241,#GSC-0241-Pink
242,#GSC-0242
243,#GSC-0243-Pink
244,#GSC-0244-Blue
245,#GSC-0245-Red
246,#GSC-0246-Black
247,#GSC-0247-Red
248,#GSC-0248-Black
249,#GSC-0249-Red
250,#GSC-0250
251,#GSC-0251
252,#GSC-0252
253,#GSC-0253-Red
254,#GSC-0254
255,#GSC-0255
256,#GSC-0256-Black
257,#GSC-0257-Black
258,#GSC-0258-Black
259,#GSC-0259-Black
260,#GSC-0260-Black
261,#GSC-0261-Black
262,#GSC-0262
263,#GSC-0263-Clear
264,#GSC-0264-Black
265,#GSC-0265-Blue
266,#GSC-0266
267,#GSC-0267-Red
268,#GSC-0268-Green
269,#GSC-0269-Green
270,#GSC-0270
271,#GSC-0271
272,#GSC-0272-Red
273,#GSC-0273-COLOR SHIPPED BASED UPON AVAILABILITY ONLY
274,#GSC-0274-Gold
275,#GSC-0275
276,#GSC-0276-Blue
277,#GSC-0277-Blue
278,#GSC-0278-63.3cc
279,#GSC-0279-Green
280,#GSC-0280
281,#GSC-0281
282,#GSC-0282-Black
283,#GSC-0283-Gray
284,#GSC-0284-As Picture
285,#GSC-0285-Black
286,#GSC-0286-Black
287,#GSC-0287-Black
288,#GSC-0288-Black
289,#GSC-0289
290,#GSC-0290
291,#GSC-0291-Black
292,#GSC-0292
293,#GSC-0293-Red
294,#GSC-0294-Silver
295,#GSC-0295-COLOR SHIPPED VARIES BASED UPON AVAILABILITY ONLY.
296,#GSC-0296-COLOR STYLE SHIPPED WILL VARY
297,#GSC-0297
298,#GSC-0298-Silver
299,#GSC-0299-Blue
300,#GSC-0300
301,#GSC-0301
302,#GSC-0302-blue
303,#GSC-0303-Green
304,#GSC-0304
305,#GSC-0305-Black
306,#GSC-0306
307,#GSC-0307
308,#GSC-0308
309,#GSC-0309-Green
310,#GSC-0310
311,#GSC-0311
312,#GSC-0312-COLOR STYLE SHIPPED VARIES BASED ON AVAILABILITY ONLY
313,#GSC-0313-A-Flywheel
314,#GSC-0314-Blue
315,#GSC-0315
316,#GSC-0316
317,#GSC-0317-Blue
318,#GSC-0318
319,#GSC-0319
320,#GSC-0320-Black
321,#GSC-0321
322,#GSC-0322
323,#GSC-0323-Black
324,#GSC-0324-Black
325,#GSC-0325-COLOR SHIPPED VARIES BASED ON AVAILABILITY ONLY
326,#GSC-0326
327,#GSC-0327
328,#GSC-0328-Blue
329,#GSC-0329
330,#GSC-0330
331,#GSC-0331
332,#GSC-0332-Green
333,#GSC-0333-Red
334,#GSC-0334-Black
335,#GSC-0335-Green
336,#GSC-0336
337,#GSC-0337
338,#GSC-0338
339,#GSC-0339-Green
340,#GSC-0340-Green
341,#GSC-0341-Red
342,#GSC-0342
343,#GSC-0343-COLOR VARIES BASED ON AVAILABILITY
344,#GSC-0344
345,#GSC-0345-Red
346,#GSC-0346-Silver
347,#GSC-0347
348,#GSC-0348
349,#GSC-0349-Orange
350,#GSC-0350-Chrome
351,#GSC-0351-Black
352,#GSC-0352
353,#GSC-0353
354,#GSC-0354-Green
355,"#GSC-0355-L: 130cm/51.18"", W: 85cm/33.46"", H: 57cm/22.44"""
356,#GSC-0356
357,#GSC-0357
358,#GSC-0358
359,#GSC-0359
360,#GSC-0360
361,#GSC-0361-Black
362,#GSC-0362-Orange
363,#GSC-0363
364,#GSC-0364-COLOR SHIPPED VARIES BASED ON AVAILABILITY ONLY
365,#GSC-0365-Black
366,#GSC-0366-Green
367,#GSC-0367-Green
368,#GSC-0368
369,#GSC-0369-Black
370,#GSC-0370-COLOR SHIPPED DEPENDS UPON AVAIL.ONLY
371,#GSC-0371
372,#GSC-0372
373,#GSC-0373
374,#GSC-0374
375,#GSC-0375-Black
376,#GSC-0376-Silver
377,#GSC-0377-Green
378,#GSC-0378
379,#GSC-0379-Color Shipped Based On Availability Only
380,#GSC-0380-Black
381,#GSC-0381
382,#GSC-0382
383,#GSC-0383-blue
384,#GSC-0384-Black
385,#GSC-0385-Green
386,#GSC-0386
387,#GSC-0387
388,#GSC-0388-Black
389,#GSC-0389
390,#GSC-0390-Red
391,#GSC-0391-Green
392,#GSC-0392-Blue
393,#GSC-0393
394,"#GSC-0394-Yellow, Black"
395,#GSC-0395-Black
396,#GSC-0396-COLOR/STYLE SHIPPED VARIES BASED UPON AVAIL ONLY
397,#GSC-0397-COLOR SHIPPED VARIES BASED ON AVAILABILITY ONLY
398,#GSC-0398-Black
399,"#GSC-0399-Red-L: 120cm/47.24"", W: 75cm/29.53"""
400,#GSC-0400-Blue
401,#GSC-0401-Green
402,#GSC-0402
403,#GSC-0403
404,#GSC-0404
405,#GSC-0405-Black
406,#GSC-0406
407,#GSC-0407-COLOR SHIPPED VARIES BASED ON AVAILABILITY ONLY
408,#GSC-0408
409,#GSC-0409
410,#GSC-0410-Green
411,#GSC-0411
412,#GSC-0412-Black
413,#GSC-0413
414,#GSC-0414-Pink
415,#GSC-0415
416,#GSC-0416-Blue
417,#GSC-0417-COLOR SHIPPED VARIES BASED ON AVAILABILITY
418,#GSC-0418-Black
419,#GSC-0419-Red
420,#GSC-0420-Green
421,#GSC-0421-50cc 2-Stroke Gas Dirt Bike-Villain-Red
422,#GSC-0422-Black
423,#GSC-0423
424,#GSC-0424-Color Varies Based On Availability
425,#GSC-0425
426,#GSC-0426-Red
427,#GSC-0427-Blue
428,#GSC-0428-Red
429,#GSC-0429-Black
430,#GSC-0430-Black
431,#GSC-0431-Green
432,#GSC-0432-Red
433,#GSC-0433
434,#GSC-0434-COLOR SHIPPED BASED ON AVAILABILITY ONLY
435,#GSC-0435-Black
436,#GSC-0436
437,#GSC-0437
438,#GSC-0438-50cc 2-stroke Engine
439,#GSC-0439-Multi-Color
440,"#GSC-0440-Red-L: 120cm/47.24"", W: 75cm/29.53"""
441,#GSC-0441
442,#GSC-0442
443,#GSC-0443
444,#GSC-0444-Hot Rod Flame
445,#GSC-0445-COLOR SHIPPED VARIES BASED ON AVAILABILITY ONLY
446,#GSC-0446-Black
447,#GSC-0447
448,#GSC-0448-COLOR SHIPPED VARIES BASED ON AVAILABILITY ONLY
449,#GSC-0449
450,#GSC-0450
451,#GSC-0451-Green
452,#GSC-0452
453,#GSC-0453
454,#GSC-0454
455,#GSC-0455-Color And Style May Vary Based Upon Availability.
456,#GSC-0456
457,#GSC-0457-Black
458,#GSC-0458
459,#GSC-0459
460,#GSC-0460
461,#GSC-0461-Blue
462,#GSC-0462
463,#GSC-0463
464,#GSC-0464-Green
465,#GSC-0465-Black
466,#GSC-0466-Black
467,#GSC-0467-yellow
468,#GSC-0468-Big Alien-50cc 2-Stroke Gas Dirt Bike-Red
469,#GSC-0469
470,#GSC-0470-Blue
471,#GSC-0471
472,#GSC-0472-Black
473,#GSC-0473-Black
474,#GSC-0474
475,#GSC-0475
476,#GSC-0476-Green-.
477,#GSC-0477-Red
478,#GSC-0478-Red
479,#GSC-0479-COLOR SHIPPED VARIES BASED UPON WHAT IS AVAIL
480,#GSC-0480
481,#GSC-0481-Red
482,#GSC-0482
483,#GSC-0483-Silver
484,#GSC-0484-Blue
485,#GSC-0485
486,#GSC-0486-Green
487,#GSC-0487
488,#GSC-0488-color Shipped Varies Based On Availability Only
489,#GSC-0489
490,#GSC-0490-Blue ONLY ON AVAILABILITY WITH ALTERNATE COLORS
491,#GSC-0491-Black
492,#GSC-0492-COLOR SHIPPED VARIES BASED ON AVAIL ONLY
493,#GSC-0493-White
494,#GSC-0494
495,#GSC-0495-Black
496,#GSC-0496
497,#GSC-0497-Red
498,#GSC-0498
499,#GSC-0499
500,#GSC-0500-Green
501,#GSC-0501-Orange
502,#GSC-0502-Black
503,#GSC-0503-Silver
504,#GSC-0504-blue
505,#GSC-0505-Black
506,#GSC-0506-Black
507,#GSC-0507-Green
508,#GSC-0508-Black
509,#GSC-0509
510,#GSC-0510-Blue
511,#GSC-0511-Black
512,#GSC-0512-Blue
513,#GSC-0513
514,#GSC-0514
515,#GSC-0515
516,#GSC-0516-Various Colours
517,#GSC-0517
518,#GSC-0518
519,#GSC-0519
520,#GSC-0520-Blue
521,#GSC-0521-Black
522,#GSC-0522-Red
523,#GSC-0523
524,#GSC-0524
525,#GSC-0525-Silver & red
526,#GSC-0526-COLOR SHIPPED VARIES BASED ON AVAILABILITY ONLY
527,#GSC-0527-Blue
528,#GSC-0528
529,#GSC-0529-Red
530,#GSC-0530-Silver
531,#GSC-0531-Red
532,#GSC-0532-Blue Frame Available Only Blue
533,#GSC-0533
534,#GSC-0534
535,#GSC-0535
536,#GSC-0536-Blue
537,#GSC-0537-Pink
538,#GSC-0538-Black
539,#GSC-0539
540,#GSC-0540-Black
541,#GSC-0541
542,#GSC-0542-BIKE COLOR SHIPPED VARIES ON AVAILABILITY ONLY
543,#GSC-0543
544,#GSC-0544-Blue-.
545,#GSC-0545-COLOR SHIPPED VARIES BASED ON AVAILABILITY
546,#GSC-0546
547,#GSC-0547-Color Style Varies Based On Availability Only
548,#GSC-0548-Black
549,#GSC-0549
550,#GSC-0550
551,#GSC-0551-Blue
552,#GSC-0552
553,#GSC-0553-Black
554,#GSC-0554
555,#GSC-0555-Black
556,#GSC-0556-Orange
557,#GSC-0557-Orange
558,#GSC-0558-Black
559,#GSC-0559
560,#GSC-0560
561,#GSC-0561
562,#GSC-0562
563,#GSC-0563-Black
564,#GSC-0564-White
565,#GSC-0565-as described
566,#GSC-0566-Green
567,#GSC-0567-Alien 50cc 2-Stroke Kids Gas Dirt Bike - Black
568,#GSC-0568
569,#GSC-0569-Blue
570,#GSC-0570-Red
571,#GSC-0571
572,#GSC-0572-red
573,#GSC-0573-Red
574,#GSC-0574-Black
575,"#GSC-0575-Blue, Black, Green and Red"
576,#GSC-0576
577,#GSC-0577
578,#GSC-0578
579,#GSC-0579
580,#GSC-0580
581,#GSC-0581-Green
582,#GSC-0582-Black
583,#GSC-0583
584,#GSC-0584-Green
585,#GSC-0585
586,#GSC-0586
587,#GSC-0587
588,#GSC-0588
589,#GSC-0589
590,#GSC-0590-blue
591,#GSC-0591
592,#GSC-0592
593,"#GSC-0593-Blue, White or Green"
594,#GSC-0594
595,#GSC-0595
596,#GSC-0596
597,#GSC-0597-Demon-40cc 2-Stroke Gas Dirt Bike-Green
598,#GSC-0598
599,#GSC-0599-Blue
600,#GSC-0600-Pink
